name_allsides,url_as,bias_as,agree_as,disagree_as,agree_ratio_as,agree_desc_as,orig_name_as,unique_id_as,news_link,bias_mbfc,reporting_mbfc,country_mbfc,references_mbfc,orig_name_mbfc,unique_id_mbfc,name_mbfc
abc news,https://www.allsides.com/news-source/abc-news-media-bias,left-center,17523,11118,1.5760928224486632,agree,abc news,0,https://mediabiasfactcheck.com/abc-news/,left-center,high,united states,"17,070,597",abc news,1304,abc news
above the law,https://www.allsides.com/news-source/above-law-media-bias,left-center,8,5,1.5999999968,agree,above the law,1,https://mediabiasfactcheck.com/above-the-law/,left-center,high,united states,"807,265",above the law,1307,above the law
al jazeera,https://www.allsides.com/news-source/al-jazeera-media-bias,left-center,3986,6440,0.6189440993779209,disagree,al jazeera,4,https://mediabiasfactcheck.com/al-jazeera/,left-center,mixed,qatar,"7,805,699",al jazeera,695,al jazeera
alternet,https://www.allsides.com/news-source/alternet-media-bias,left,5137,1191,4.313182199795859,absolutely agree,alternet,7,https://mediabiasfactcheck.com/alternet/,left,mixed,united states,"3,358,583",alternet,703,alternet
american greatness,https://www.allsides.com/news-source/american-greatness-media-bias,right,174,77,2.259740259446787,strongly agree,american greatness,8,https://mediabiasfactcheck.com/american-greatness/,right,mixed,united states,"243,236",american greatness,712,american greatness
american spectator,https://www.allsides.com/news-source/american-spectator,right,8561,3280,2.6100609756017987,strongly agree,american spectator,9,https://mediabiasfactcheck.com/american-spectator/,right,mixed,united states,"9,433,797",american spectator,720,american spectator
american thinker,https://www.allsides.com/news-source/american-thinker,right,1515,853,1.7760844079510425,agree,american thinker,10,https://mediabiasfactcheck.com/american-thinker/,questionable sources,low,united states,"2,786,512",american thinker,30,american thinker
arkansas democrat-gazette,https://www.allsides.com/news-source/arkansas-democrat-gazette,left,894,696,1.2844827586022345,somewhat agree,arkansas democrat-gazette,12,https://mediabiasfactcheck.com/arkansas-democrat-gazette/,right-center,high,united states,"1,518,710",arkansas democrat-gazette,1370,arkansas democrat-gazette
associated press,https://www.allsides.com/news-source/associated-press-media-bias,center,11050,7934,1.3927401058717006,somewhat agree,associated press,13,https://mediabiasfactcheck.com/associated-press/,center,very high,united states,"5,778,215",associated press,2512,associated press
atlanta journal-constitution,https://www.allsides.com/news-source/atlanta-journal-constitution,left-center,850,770,1.1038961038817676,somewhat agree,atlanta journal-constitution,14,https://mediabiasfactcheck.com/atlanta-journal-constitution/,left-center,high,united states,"6,171,691",atlanta journal-constitution,1380,atlanta journal-constitution
austin american-statesman,https://www.allsides.com/news-source/austin-american-statesman,left-center,739,586,1.261092150149128,somewhat agree,austin american-statesman,15,https://mediabiasfactcheck.com/austin-american-statesman/,left-center,high,united states,"2,303,784",austin american-statesman,1385,austin american-statesman
axios,https://www.allsides.com/news-source/axios,center,1650,1937,0.8518327310229643,somewhat disagree,axios,16,https://mediabiasfactcheck.com/axios/,left-center,high,united states,"389,083",axios,1390,axios
bbc news,https://www.allsides.com/news-source/bbc-news-media-bias,center,14254,13565,1.0507924806479536,somewhat agree,bbc news,19,https://mediabiasfactcheck.com/bbc/,left-center,high,united kingdom,"13,112,113",bbc news,1399,bbc news
bloomberg,https://www.allsides.com/news-source/bloomberg-media-bias,center,8002,11059,0.7235735599957287,somewhat disagree,bloomberg,23,https://mediabiasfactcheck.com/bloomberg/,left-center,mixed,united states,"10,507,362",bloomberg,744,bloomberg
boston herald,https://www.allsides.com/news-source/boston-herald-media-bias,right-center,360,318,1.1320754716625132,somewhat agree,boston herald,26,https://mediabiasfactcheck.com/boston-herald/,right-center,high,united states,"502,831",boston herald,1424,boston herald
business insider,https://www.allsides.com/news-source/business-insider,center,2224,2813,0.7906150017746513,somewhat disagree,business insider,31,https://mediabiasfactcheck.com/business-insider/,left-center,high,united states,"4,516,930",business insider,1436,business insider
c-span,https://www.allsides.com/news-source/c-span,center,2996,929,3.2249730893086657,absolutely agree,c-span,34,https://mediabiasfactcheck.com/c-span/,center,very high,united states,"8,228,481",c-span,2521,c-span
calwatchdog,https://www.allsides.com/news-source/calwatchdog,center,516,544,0.9485294117472696,somewhat disagree,calwatchdog,36,https://mediabiasfactcheck.com/calwatchdog-com/,left-center,high,united states,"125,982",calwatchdog.com,1440,calwatchdog
care2,https://www.allsides.com/news-source/care-2,left,567,608,0.932565789458346,somewhat disagree,care2,37,https://mediabiasfactcheck.com/care2/,left,mixed,united states,"3,957,118",care2,759,care2
cbs news,https://www.allsides.com/news-source/cbs-news-media-bias,left-center,8985,6723,1.3364569388645895,somewhat agree,cbs news,39,https://mediabiasfactcheck.com/cbs-news/,left-center,high,united states,"6,068,779",cbs news,1458,cbs news
center for public integrity,https://www.allsides.com/news-source/center-public-integrity,left-center,653,733,0.8908594815703839,somewhat disagree,center for public integrity,41,https://mediabiasfactcheck.com/center-for-public-integrity/,left-center,high,united states,"287,572",center for public integrity,1469,center for public integrity
check your fact,https://www.allsides.com/news-source/check-your-fact-media-bias,right-center,41,41,0.9999999997560975,nan,check your fact,43,https://mediabiasfactcheck.com/check-your-fact/,right-center,high,united states,"8,964",check your fact,1477,check your fact
chicago sun-times,https://www.allsides.com/news-source/chicago-sun-times,left-center,734,722,1.0166204986008778,somewhat agree,chicago sun-times,45,https://mediabiasfactcheck.com/chicago-sun-times/,left-center,high,united states,"1,735,078",chicago sun-times,1480,chicago sun-times
chicago tribune,https://www.allsides.com/news-source/chicago-tribune,center,1878,3353,0.5600954369204888,disagree,chicago tribune,46,https://mediabiasfactcheck.com/chicago-tribune/,right-center,high,united states,"4,796,090",chicago tribune,1481,chicago tribune
christian science monitor,https://www.allsides.com/news-source/christian-science-monitor,center,10387,13414,0.7743402415381136,somewhat disagree,christian science monitor,47,https://mediabiasfactcheck.com/christian-science-monitor/,center,high,united states,"2,602,907",christian science monitor,1483,christian science monitor
christianity today,https://www.allsides.com/news-source/christianity-today-media-bias,right-center,70,94,0.7446808509846085,somewhat disagree,christianity today,48,https://mediabiasfactcheck.com/christianity-today/,right-center,high,united states,"719,707",christianity today,1484,christianity today
city journal,https://www.allsides.com/news-source/city-journal-media-bias,right,315,262,1.2022900762899889,somewhat agree,city journal,49,https://mediabiasfactcheck.com/city-journal/,right,high,united states,"805,635",city journal,1494,city journal
cnbc,https://www.allsides.com/news-source/cnbc,center,1810,4403,0.4110833522588892,strongly disagree,cnbc,50,https://mediabiasfactcheck.com/cnbc/,left-center,high,united states,"3,538,689",cnbc,1499,cnbc
cnet,https://www.allsides.com/news-source/cnet,center,253,202,1.2524752474627487,somewhat agree,cnet,51,https://mediabiasfactcheck.com/cnet/,center,high,united states,"14,691,424",cnet,1500,cnet
columbia journalism review,https://www.allsides.com/news-source/columbia-journalism-review,center,167,298,0.5604026845449529,disagree,columbia journalism review,55,https://mediabiasfactcheck.com/columbia-journalism-review/,left-center,high,united states,"633,985",columbia journalism review,1503,columbia journalism review
commentary magazine,https://www.allsides.com/news-source/commentary-magazine-media-bias,right,189,207,0.9130434782167612,somewhat disagree,commentary magazine,56,https://mediabiasfactcheck.com/commentary-magazine/,right,mostly factual,united states,"694,732",commentary magazine,1224,commentary magazine
concord monitor,https://www.allsides.com/news-source/concord-monitor,center,15,19,0.7894736837950138,somewhat disagree,concord monitor,57,https://mediabiasfactcheck.com/concord-monitor/,center,high,united states,"566,793",concord monitor,1511,concord monitor
conservative hq,https://www.allsides.com/news-source/conservative-hq,right,812,378,2.1481481480913187,strongly agree,conservative hq,58,https://mediabiasfactcheck.com/conservative-hq/,right,mixed,united states,"171,696",conservative hq,787,conservative hq
current affairs,https://www.allsides.com/news-source/current-affairs-media-bias,left,304,139,2.187050359554888,strongly agree,current affairs,64,https://mediabiasfactcheck.com/current-affairs-magazine/,left,high,united states,"22,542",current affairs,1537,current affairs
daily beast,https://www.allsides.com/news-source/daily-beast-media-bias,left,9898,4699,2.1064056182121598,strongly agree,daily beast,65,https://mediabiasfactcheck.com/daily-beast/,left,high,united states,"2,584,164",daily beast,1541,daily beast
daily mail,https://www.allsides.com/news-source/daily-mail,right,4046,2721,1.4869533259776295,somewhat agree,daily mail,68,https://mediabiasfactcheck.com/daily-mail/,questionable sources,low,united kingdom,"6,293,579",daily mail,117,daily mail
daily press,https://www.allsides.com/news-source/daily-press,right-center,350,439,0.7972665147882172,somewhat disagree,daily press,70,https://mediabiasfactcheck.com/daily-press/,right-center,high,united states,"1,078,706",daily press,1549,daily press
defense one,https://www.allsides.com/news-source/defense-one-media-bias,center,230,216,1.064814814765518,somewhat agree,defense one,73,https://mediabiasfactcheck.com/defense-one/,center,high,united states,"199,685",defense one,1568,defense one
democracy now,https://www.allsides.com/news-source/democracy-now,left,6920,2093,3.3062589584170747,absolutely agree,democracy now,74,https://mediabiasfactcheck.com/democracy-now/,left,high,united states,"2,483,056",democracy now,1573,democracy now
des moines register,https://www.allsides.com/news-source/desmoines-register,center,90,105,0.8571428570612245,somewhat disagree,des moines register,75,https://mediabiasfactcheck.com/the-des-moines-register/,center,high,united states,"1,259,246",des moines register,2283,des moines register
deseret news,https://www.allsides.com/news-source/deseret-news,right-center,1100,1745,0.6303724928330638,disagree,deseret news,76,https://mediabiasfactcheck.com/deseret-news/,right-center,high,united states,"145,928",deseret news,1578,deseret news
detroit free press,https://www.allsides.com/news-source/detroit-free-press,left-center,117,184,0.6358695651828331,disagree,detroit free press,77,https://mediabiasfactcheck.com/detroit-free-press/,left-center,high,united states,"1,876,495",detroit free press,1581,detroit free press
detroit news,https://www.allsides.com/news-source/detroit-news,center,60,98,0.6122448978967098,disagree,detroit news,78,https://mediabiasfactcheck.com/detroit-news/,right-center,high,united states,"1,594,957",detroit news,1582,detroit news
drudge report,https://www.allsides.com/news-source/drudge-report,right-center,2028,1379,1.4706308919400246,somewhat agree,drudge report,80,https://mediabiasfactcheck.com/drudge-report/,questionable sources,low,united states,"5,523,022",drudge report,144,drudge report
fivethirtyeight,https://www.allsides.com/news-source/fivethirtyeight-0,center,3528,2226,1.5849056603702385,agree,fivethirtyeight,92,https://mediabiasfactcheck.com/fivethirtyeight/,left-center,high,united states,"2,341,886",fivethirtyeight,1650,fivethirtyeight
forbes,https://www.allsides.com/news-source/forbes,center,5744,3321,1.7295995182121964,agree,forbes,93,https://mediabiasfactcheck.com/forbes/,right-center,mostly factual,united states,"6,223,025",forbes,1242,forbes
foreign affairs,https://www.allsides.com/news-source/foreign-affairs,center,882,493,1.7890466531077271,agree,foreign affairs,94,https://mediabiasfactcheck.com/foreign-affairs/,center,high,united states,"1,345,506",foreign affairs,1652,foreign affairs
foreign policy,https://www.allsides.com/news-source/foreign-policy-media-bias,center,80,80,0.999999999875,nan,foreign policy,95,https://mediabiasfactcheck.com/foreign-policy/,center,high,united states,"944,030",foreign policy,1655,foreign policy
frontpage magazine,https://www.allsides.com/news-source/frontpage-magazine,right,509,395,1.2886075949040858,somewhat agree,frontpage magazine,99,https://mediabiasfactcheck.com/frontpage-magazine/,questionable sources,low,united states,"1,802,704",frontpage magazine,178,frontpage magazine
grist,https://www.allsides.com/news-source/grist,left-center,461,511,0.9021526418610146,somewhat disagree,grist,103,https://mediabiasfactcheck.com/grist/,left-center,high,united states,"966,297",grist,1706,grist
heavy,https://www.allsides.com/news-source/heavycom-media-bias,center,31,30,1.033333332988889,somewhat agree,heavy.com,106,https://mediabiasfactcheck.com/heavy/,left-center,high,united states,"535,119",heavy,1723,heavy
honolulu civil beat,https://www.allsides.com/news-source/honolulu-civil-beat,center,329,447,0.7360178970752569,somewhat disagree,honolulu civil beat,108,https://mediabiasfactcheck.com/honolulu-civil-beat/,left-center,high,united states,297,honolulu civil beat,1738,honolulu civil beat
houston chronicle,https://www.allsides.com/news-source/houston-chronicle-media-bias,center,31,20,1.5499999992250002,agree,houston chronicle,110,https://mediabiasfactcheck.com/houston-chronicle/,left-center,high,united states,"78,792",houston chronicle,1741,houston chronicle
idaho statesman,https://www.allsides.com/news-source/idaho-statesman-media-bias,center,49,44,1.1136363633832644,somewhat agree,idaho statesman,114,https://mediabiasfactcheck.com/idaho-statesman/,center,high,united states,"1,337,755",idaho statesman,1750,idaho statesman
independent journal review,https://www.allsides.com/news-source/independent-journal-review,right-center,1200,1108,1.083032490964955,somewhat agree,independent journal review,116,https://mediabiasfactcheck.com/independent-journal-review/,right,high,united states,"307,407",independent journal review,1758,independent journal review
infowars,https://www.allsides.com/news-source/infowars,right,4332,1012,4.280632411024896,absolutely agree,infowars,120,https://mediabiasfactcheck.com/infowars-alex-jones/,conspiracy-pseudoscience,very low,united states,"5,200,579",infowars,221,infowars
inside philanthropy,https://www.allsides.com/news-source/inside-philanthropy,center,294,325,0.9046153845875504,somewhat disagree,inside philanthropy,121,https://mediabiasfactcheck.com/inside-philanthropy/,left-center,high,united states,"2,002",inside philanthropy,1775,inside philanthropy
international business times,https://www.allsides.com/news-source/international-business-times,center,1006,769,1.3081924577203097,somewhat agree,international business times,123,https://mediabiasfactcheck.com/international-business-times/,left-center,mixed,united states,"1,111,703",international business times,919,international business times
jacobin,https://www.allsides.com/news-source/jacobin-media-bias,left,594,150,3.959999999736,absolutely agree,jacobin,126,https://mediabiasfactcheck.com/jacobin/,left,high,united states,"261,479",jacobin,1797,jacobin
jezebel,https://www.allsides.com/news-source/jezebel-media-bias,left,150,63,2.3809523805744517,strongly agree,jezebel,127,https://mediabiasfactcheck.com/jezebel/,left,mixed,united states,"10,228,853",jezebel,930,jezebel
judicial watch,https://www.allsides.com/news-source/judicial-watch,right-center,1078,1194,0.9028475711817184,somewhat disagree,judicial watch,130,https://mediabiasfactcheck.com/judicial-watch/,questionable sources,low,united states,"466,469",judicial watch,230,judicial watch
las vegas sun,https://www.allsides.com/news-source/las-vegas-sun,left-center,282,288,0.9791666666326678,somewhat disagree,las vegas sun,134,https://mediabiasfactcheck.com/las-vegas-sun/,left-center,mostly factual,united states,"318,891",las vegas sun,1256,las vegas sun
lifehacker,https://www.allsides.com/news-source/lifehacker,center,324,308,1.0519480519138975,somewhat agree,lifehacker,137,https://mediabiasfactcheck.com/lifehacker/,left-center,high,united states,"11,635,150",lifehacker,1857,lifehacker
marketwatch,https://www.allsides.com/news-source/marketwatch-media-bias,right-center,143,264,0.5416666666461489,disagree,marketwatch,143,https://mediabiasfactcheck.com/marketwatch/,right-center,high,united states,"8,938,881",marketwatch,1875,marketwatch
mashable,https://www.allsides.com/news-source/mashable,left,428,188,2.276595744559756,strongly agree,mashable,144,https://mediabiasfactcheck.com/mashable/,left,mostly factual,united states,"4,260,645",mashable,1260,mashable
media matters,https://www.allsides.com/news-source/media-matters-bias,left,2551,1575,1.6196825396722558,agree,media matters,146,https://mediabiasfactcheck.com/media-matters/,left,high,united states,"2,291,747",media matters,1877,media matters
mediaite,https://www.allsides.com/news-source/mediaite-bias,left-center,704,712,0.9887640449299332,somewhat disagree,mediaite,148,https://mediabiasfactcheck.com/mediaite/,left,high,united states,"1,198,894",mediaite,1879,mediaite
miami herald,https://www.allsides.com/news-source/miami-herald,left-center,305,328,0.929878048752138,somewhat disagree,miami herald,149,https://mediabiasfactcheck.com/miami-herald/,left-center,high,united states,"3,399,326",miami herald,1896,miami herald
mother jones,https://www.allsides.com/news-source/mother-jones-bias,left,7464,1340,5.5701492536897765,absolutely agree,mother jones,154,https://mediabiasfactcheck.com/mother-jones/,left-center,high,united states,"2,183,123",mother jones,1916,mother jones
msnbc,https://www.allsides.com/news-source/msnbc,left,8189,2658,3.0808878856167015,absolutely agree,msnbc,155,https://mediabiasfactcheck.com/msnbc/,left,mixed,united states,"9,472,862",msnbc,979,msnbc
national journal,https://www.allsides.com/news-source/national-journal,center,974,713,1.366058906011696,somewhat agree,national journal,157,https://mediabiasfactcheck.com/national-journal/,center,high,united states,"813,548",national journal,1936,national journal
national review,https://www.allsides.com/news-source/national-review,right,11198,5057,2.2143563377452757,strongly agree,national review,158,https://mediabiasfactcheck.com/national-review/,right,mostly factual,united states,"3,922,194",national review,1262,national review
new republic,https://www.allsides.com/news-source/new-republic,left,1377,741,1.858299595116622,agree,new republic,162,https://mediabiasfactcheck.com/new-republic/,left,high,united states,"1,672,937",new republic,1962,new republic
new york daily news,https://www.allsides.com/news-source/new-york-daily-news,left,1120,515,2.174757281511169,strongly agree,new york daily news,163,https://mediabiasfactcheck.com/new-york-daily-news/,left-center,mixed,united states,"3,686,344",new york daily news,992,new york daily news
new york magazine,https://www.allsides.com/news-source/new-york-magazine,left,1850,869,2.1288837744288966,strongly agree,new york magazine,164,https://mediabiasfactcheck.com/new-york-magazine/,left,high,united states,"7,128,454",new york magazine,1967,new york magazine
new york post,https://www.allsides.com/news-source/new-york-post,right,5172,3418,1.5131655939101432,agree,new york post,165,https://mediabiasfactcheck.com/new-york-post/,right-center,mixed,united states,"7,322,756",new york post,993,new york post
newsbusters,https://www.allsides.com/news-source/newsbusters,right,339,196,1.729591836646449,agree,newsbusters,168,https://mediabiasfactcheck.com/newsbusters/,right,mixed,united states,"2,542,784",newsbusters,997,newsbusters
newsone,https://www.allsides.com/news-source/newsonecom-media-bias,left,74,50,1.479999999704,somewhat agree,newsone,171,https://mediabiasfactcheck.com/newsone/,left,mostly factual,united states,"156,933",newsone,1267,newsone
newsweek,https://www.allsides.com/news-source/newsweek,left-center,2274,2725,0.8344954128409744,somewhat disagree,newsweek,172,https://mediabiasfactcheck.com/newsweek/,left,mixed,united states,"4,019,228",newsweek,1004,newsweek
one america news network,https://www.allsides.com/news-source/one-america-news-network-media-bias,right-center,610,622,0.9807073954826252,somewhat disagree,one america news network,178,https://mediabiasfactcheck.com/one-america-news-network/,right,mixed,nan,"315,564",one america news network,1018,one america news network
orange county register,https://www.allsides.com/news-source/orange-county-register,right-center,275,234,1.1752136751634523,somewhat agree,orange county register,179,https://mediabiasfactcheck.com/orange-county-register/,right-center,high,united states,"1,179,747",orange county register,2006,orange county register
peacock panache,https://www.allsides.com/news-source/peacock-panache,left,185,100,1.849999999815,agree,peacock panache,182,https://mediabiasfactcheck.com/peacock-panache/,left,mixed,united states,"36,330",peacock panache,1033,peacock panache
phys,https://www.allsides.com/news-source/physorg,center,125,71,1.7605633800337237,agree,phys.org,183,https://mediabiasfactcheck.com/phys-org/,pro-science,high,united kingdom,"1,977,989",phys.org,2034,phys
pittsburgh post-gazette,https://www.allsides.com/news-source/pittsburgh-post-gazette,right-center,242,292,0.8287671232592888,somewhat disagree,pittsburgh post-gazette,184,https://mediabiasfactcheck.com/pittsburgh-post-gazette/,right-center,high,united states,"1,705,481",pittsburgh post-gazette,2036,pittsburgh post-gazette
pj media,https://www.allsides.com/news-source/pj-media,right,256,140,1.8285714284408163,agree,pj media,185,https://mediabiasfactcheck.com/pj-media/,questionable sources,mixed,united states,"2,277,048",pj media,316,pj media
pj media,https://www.allsides.com/news-source/pj-media-media-bias,right-center,194,169,1.147928994014915,somewhat agree,pj media,186,https://mediabiasfactcheck.com/pj-media/,questionable sources,mixed,united states,"2,277,048",pj media,316,pj media
politico,https://www.allsides.com/news-source/politico-media-bias,left-center,15682,23129,0.6780232608410748,somewhat disagree,politico,187,https://mediabiasfactcheck.com/politico/,center,high,united states,"3,882,511",politico,2044,politico
politicususa,https://www.allsides.com/news-source/politicususa,left,894,313,2.8562300318576286,strongly agree,politicususa,188,https://mediabiasfactcheck.com/politicususa/,left,mixed,united states,"547,536",politicususa,1039,politicususa
politifact,https://www.allsides.com/news-source/politifact,left-center,2252,2599,0.8664871104237535,somewhat disagree,politifact,189,https://mediabiasfactcheck.com/politifact/,center,high,united states,"1,382,237",politifact,2046,politifact
project veritas,https://www.allsides.com/news-source/project-veritas-media-bias,right-center,128,136,0.9411764705190312,somewhat disagree,project veritas,194,https://mediabiasfactcheck.com/project-veritas/,right,mixed,united states,"128,262",project veritas,1049,project veritas
propublica,https://www.allsides.com/news-source/propublica,center,1045,717,1.4574616457258374,somewhat agree,propublica,195,https://mediabiasfactcheck.com/propublica/,left-center,high,united states,"1,994,243",propublica,2064,propublica
psychology today,https://www.allsides.com/news-source/psychology-today-media-bias,center,10,1,9.999999900000002,absolutely agree,psychology today,196,https://mediabiasfactcheck.com/psychology-today/,pro-science,high,united states,"180,409",psychology today,2067,psychology today
quartz,https://www.allsides.com/news-source/quartz,center,568,539,1.053803339498074,somewhat agree,quartz,198,https://mediabiasfactcheck.com/quartz/,left-center,high,united states,"816,997",quartz,2073,quartz
quillette,https://www.allsides.com/news-source/quillette-media-bias,right-center,362,585,0.6188034187928411,disagree,quillette,199,https://mediabiasfactcheck.com/quillette/,questionable sources,mixed,australia,"350,196",quillette,344,quillette
rasmussen reports,https://www.allsides.com/news-source/rasmussen-reports,center,519,740,0.7013513513418737,somewhat disagree,rasmussen reports,200,https://mediabiasfactcheck.com/rasmussen-reports/,right-center,high,united states,"707,528",rasmussen reports,2082,rasmussen reports
raw story,https://www.allsides.com/news-source/raw-story,left,704,385,1.8285714285239327,agree,raw story,201,https://mediabiasfactcheck.com/raw-story/,left,mixed,united states,"2,401,668",raw story,1056,raw story
reason,https://www.allsides.com/news-source/reason,right-center,5973,3925,1.5217834394865688,agree,reason,203,https://mediabiasfactcheck.com/reason/,right-center,high,united states,"2,279,682",reason,2093,reason
reuters,https://www.allsides.com/news-source/reuters,center,8609,5245,1.64137273593586,agree,reuters,207,https://mediabiasfactcheck.com/reuters/,center,very high,united kingdom,"23,475,755",reuters,2600,reuters
right side news,https://www.allsides.com/news-source/right-side-news,right,452,234,1.9316239315413837,agree,right side news,210,https://mediabiasfactcheck.com/right-wing-news/,questionable sources,low,nan,"2,109,646",right side news,368,right side news
right wing news,https://www.allsides.com/news-source/right-wing-news,right,403,196,2.0561224488746874,strongly agree,right wing news,211,https://mediabiasfactcheck.com/south-jersey-mechanic-trump-news/,questionable sources,low,united states,1,right wing news,382,right wing news
roll call,https://www.allsides.com/news-source/roll-call-media-bias,center,148,141,1.049645389996479,somewhat agree,roll call,212,https://mediabiasfactcheck.com/roll-call/,center,very high,united states,"2,390,580",roll call,2601,roll call
salon,https://www.allsides.com/news-source/salon,left,11108,5045,2.20178394449514,strongly agree,salon,214,https://mediabiasfactcheck.com/salon/,left,high,united states,"2,970,380",salon,2127,salon
san francisco chronicle,https://www.allsides.com/news-source/san-francisco-chronicle,left,921,339,2.7168141592118933,strongly agree,san francisco chronicle,215,https://mediabiasfactcheck.com/san-francisco-chronicle/,left-center,high,united states,"1,502,415",san francisco chronicle,2134,san francisco chronicle
san jose mercury news,https://www.allsides.com/news-source/san-jose-mercury-news,left-center,382,421,0.9073634204060008,somewhat disagree,san jose mercury news,216,https://mediabiasfactcheck.com/san-jose-mercury-news/,left-center,high,united states,"1,457,611",san jose mercury news,2136,san jose mercury news
science daily,https://www.allsides.com/news-source/science-daily,center,464,289,1.605536332124376,agree,science daily,217,https://mediabiasfactcheck.com/science-daily/,pro-science,very high,united states,"1,810,919",science daily,2602,science daily
scientific american,https://www.allsides.com/news-source/scientific-american,center,1073,557,1.92639138237116,agree,scientific american,218,https://mediabiasfactcheck.com/scientific-american/,pro-science,high,united states,"1,708,847",scientific american,2158,scientific american
sfgate,https://www.allsides.com/news-source/sf-gate,left-center,434,494,0.8785425101036732,somewhat disagree,sfgate,220,https://mediabiasfactcheck.com/sfgate/,left-center,high,united states,"3,423,720",sfgate,2167,sfgate
slate,https://www.allsides.com/news-source/slate,left,4477,2673,1.6748971193352982,agree,slate,222,https://mediabiasfactcheck.com/slate/,left,high,united states,"3,020,176",slate,2178,slate
snopes,https://www.allsides.com/news-source/snopes,center,281,582,0.4828178694075117,strongly disagree,snopes,224,https://mediabiasfactcheck.com/snopes/,center,high,united states,"3,686,779",snopes,2180,snopes
splinter,https://www.allsides.com/news-source/splinter-media-bias,left,204,76,2.684210525962604,strongly agree,splinter,227,https://mediabiasfactcheck.com/splinter/,left,mixed,united states,"605,675",splinter,1092,splinter
techcrunch,https://www.allsides.com/news-source/techcrunch-media-bias,center,412,269,1.5315985129542156,agree,techcrunch,234,https://mediabiasfactcheck.com/techcrunch/,left-center,high,united states,"6,330,407",techcrunch,2227,techcrunch
teen vogue,https://www.allsides.com/news-source/teen-vogue,left-center,327,484,0.6756198346967847,somewhat disagree,teen vogue,235,https://mediabiasfactcheck.com/teen-vogue/,left,mostly factual,united states,"70,543",teen vogue,1280,teen vogue
the american conservative,https://www.allsides.com/news-source/american-conservative-media-bias,right-center,218,237,0.9198312235898805,somewhat disagree,the american conservative,237,https://mediabiasfactcheck.com/the-american-conservative/,right-center,high,united states,"1,631,341",the american conservative,2236,the american conservative
the college fix,https://www.allsides.com/news-source/college-fix,right,175,148,1.1824324323525384,somewhat agree,the college fix,244,https://mediabiasfactcheck.com/the-college-fix/,right,mixed,nan,"432,033",the college fix,1109,the college fix
the courier-journal,https://www.allsides.com/news-source/courier-journal,left-center,137,233,0.5879828325927904,disagree,the courier-journal,246,https://mediabiasfactcheck.com/the-courier-journal/,left-center,high,united states,"1,028,462",the courier-journal,2270,the courier-journal
the daily wire,https://www.allsides.com/news-source/daily-wire,right,3924,1753,2.2384483742028607,strongly agree,the daily wire,251,https://mediabiasfactcheck.com/the-daily-wire/,right,mixed,united states,"430,582",the daily wire,1118,the daily wire
the dispatch,https://www.allsides.com/news-source/dispatch-media-bias,right-center,4,4,0.9999999975,nan,the dispatch,254,https://mediabiasfactcheck.com/the-dispatch/,right-center,high,united states,0,the dispatch,2285,the dispatch
the economist,https://www.allsides.com/news-source/economist,left-center,2254,4304,0.5236988847571475,disagree,the economist,255,https://mediabiasfactcheck.com/the-economist/,center,high,united kingdom,"7,175,952",the economist,2288,the economist
the epoch times,https://www.allsides.com/news-source/epoch-times-media-bias,right,2460,805,3.0559006210800512,absolutely agree,the epoch times,256,https://mediabiasfactcheck.com/the-epoch-times/,right,mixed,united states,"1,665,637",the epoch times,1123,the epoch times
the federalist,https://www.allsides.com/news-source/federalist,right,3539,1510,2.343708609256002,strongly agree,the federalist,257,https://mediabiasfactcheck.com/the-federalist/,right,mixed,united states,"789,391",the federalist,1125,the federalist
the flip side,https://www.allsides.com/news-source/flip-side-media-bias,allsides,306,241,1.2697095435157797,somewhat agree,the flip side,258,https://mediabiasfactcheck.com/the-flip-side/,center,high,united states,0,the flip side,2292,the flip side
the gateway pundit,https://www.allsides.com/news-source/gateway-pundit,right,572,398,1.4371859296121308,somewhat agree,the gateway pundit,260,https://mediabiasfactcheck.com/the-gateway-pundit/,questionable sources,low,united states,"1,400,349",the gateway pundit,423,the gateway pundit
the guardian,https://www.allsides.com/news-source/guardian,left-center,7386,4628,1.5959377700916249,agree,the guardian,262,https://mediabiasfactcheck.com/the-guardian/,left-center,high,united kingdom,"8,715,772",the guardian,2298,the guardian
the hill,https://www.allsides.com/news-source/hill-media-bias,center,8959,11455,0.7821038847657947,somewhat disagree,the hill,263,https://mediabiasfactcheck.com/the-hill/,right-center,mostly factual,united states,"2,663,933",the hill,1283,the hill
the independent,https://www.allsides.com/news-source/independent-0,left-center,195,173,1.1271676299926492,somewhat agree,the independent,265,https://mediabiasfactcheck.com/the-independent/,left-center,high,united kingdom,"8,236,344",the independent,2307,the independent
the intercept,https://www.allsides.com/news-source/intercept,left,1939,845,2.294674556185862,strongly agree,the intercept,266,https://mediabiasfactcheck.com/the-intercept/,left-center,high,united states,"1,059,871",the intercept,2311,the intercept
the libertarian republic,https://www.allsides.com/news-source/libertarian-republic,right-center,829,679,1.2209131074930646,somewhat agree,the libertarian republic,270,https://mediabiasfactcheck.com/the-libertarian-republic/,right-center,high,united states,"61,834",the libertarian republic,2324,the libertarian republic
the nation,https://www.allsides.com/news-source/nation-media-bias,left,1099,372,2.9543010751894005,strongly agree,the nation,271,https://mediabiasfactcheck.com/the-nation/,left,high,united states,"3,425,379",the nation,2340,the nation
the national pulse,https://www.allsides.com/news-source/national-pulse-media-bias,right,10,8,1.2499999984375,somewhat agree,the national pulse,272,https://mediabiasfactcheck.com/the-national-pulse/,questionable sources,low,nan,80,the national pulse,433,the national pulse
the post millennial,https://www.allsides.com/news-source/post-millennial-media-bias,right-center,135,85,1.5882352939307958,agree,the post millennial,278,https://mediabiasfactcheck.com/the-post-millennial/,right,mostly factual,canada,"11,394",the post millennial,1286,the post millennial
the resurgent,https://www.allsides.com/news-source/resurgent-media-bias,right,77,61,1.2622950817602794,somewhat agree,the resurgent,282,https://mediabiasfactcheck.com/the-resurgent/,right,mixed,nan,"141,652",the resurgent,1148,the resurgent
the root,https://www.allsides.com/news-source/root,left-center,288,371,0.7762803234292107,somewhat disagree,the root,283,https://mediabiasfactcheck.com/the-root/,left,high,united states,"10,043,862",the root,2378,the root
the texas observer,https://www.allsides.com/news-source/texas-observer-media-bias,left-center,44,44,0.9999999997727272,nan,the texas observer,289,https://mediabiasfactcheck.com/the-texas-observer/,left,high,united states,"87,017",the texas observer,2399,the texas observer
the verge,https://www.allsides.com/news-source/verge,left-center,558,376,1.48404255315202,somewhat agree,the verge,291,https://mediabiasfactcheck.com/the-verge/,left-center,high,united states,"2,862,457",the verge,2412,the verge
time magazine,https://www.allsides.com/news-source/time-magazine-news-media-bias,left-center,5179,4310,1.2016241299276065,somewhat agree,time magazine,298,https://mediabiasfactcheck.com/time/,left-center,high,united states,"5,985,276",time magazine,2433,time magazine
townhall,https://www.allsides.com/news-source/townhall-bias,right,9073,13830,0.656037599421073,disagree,townhall,299,https://mediabiasfactcheck.com/townhall/,right,mixed,united states,"3,500,480",townhall,1164,townhall
truthdig,https://www.allsides.com/news-source/truthdig-media-bias,left,64,34,1.8823529406228372,agree,truthdig,301,https://mediabiasfactcheck.com/truthdig/,left,high,united states,"2,005,299",truthdig,2451,truthdig
truthout,https://www.allsides.com/news-source/truthout,left-center,337,358,0.9413407820966104,somewhat disagree,truthout,302,https://mediabiasfactcheck.com/truth-out/,left,mixed,united states,"2,909,288",truthout,1167,truthout
upworthy,https://www.allsides.com/news-source/upworthy,left,436,311,1.4019292604050826,somewhat agree,upworthy,305,https://mediabiasfactcheck.com/upworthy/,left,high,united states,"107,186",upworthy,2461,upworthy
usa today,https://www.allsides.com/news-source/usa-today-media-bias,center,13333,11372,1.172441083361614,somewhat agree,usa today,306,https://mediabiasfactcheck.com/usa-today-2/,left-center,high,united states,"16,253,014",usa today,2466,usa today
vanity fair,https://www.allsides.com/news-source/vanity-fair,left-center,3441,2246,1.5320569901979872,agree,vanity fair,307,https://mediabiasfactcheck.com/vanity-fair/,left,mostly factual,united states,"1,640,670",vanity fair,1292,vanity fair
virginia mercury,https://www.allsides.com/news-source/virginia-mercury-media-bias,center,8,18,0.4444444441975308,strongly disagree,virginia mercury,309,https://mediabiasfactcheck.com/virginia-mercury/,left-center,high,united states,"1,627",virginia mercury,2478,virginia mercury
vox,https://www.allsides.com/news-source/vox-news-media-bias,left,15869,12981,1.2224790077796606,somewhat agree,vox,311,https://mediabiasfactcheck.com/vox/,left,mostly factual,united states,"8,056,806",vox,1293,vox
washington examiner,https://www.allsides.com/news-source/washington-examiner,right-center,6415,3257,1.9696039299908823,agree,washington examiner,317,https://mediabiasfactcheck.com/washington-examiner/,right,mixed,united states,"1,401,834",washington examiner,1187,washington examiner
washington free beacon,https://www.allsides.com/news-source/washington-free-beacon,right,512,501,1.0219560878039529,somewhat agree,washington free beacon,318,https://mediabiasfactcheck.com/washington-free-beacon/,right,mixed,united states,"1,213,943",washington free beacon,1188,washington free beacon
washington monthly,https://www.allsides.com/news-source/washington-monthly,left-center,226,202,1.118811881132732,somewhat agree,washington monthly,319,https://mediabiasfactcheck.com/washington-monthly/,left-center,high,united states,"3,418,140",washington monthly,2492,washington monthly
washington post,https://www.allsides.com/news-source/washington-post-media-bias,left-center,26367,16777,1.5716159027230303,agree,washington post,320,https://mediabiasfactcheck.com/washington-post/,left-center,high,united states,"14,466,517",washington post,2493,washington post
washington times,https://www.allsides.com/news-source/washington-times-bias,right-center,22422,11139,2.0129275518430623,strongly agree,washington times,321,https://mediabiasfactcheck.com/washington-times/,right-center,mixed,united states,"4,111,824",washington times,1192,washington times
boing boing,https://www.allsides.com/news-source/boing-boing,left,826,548,1.50729927004549,agree,boing boing,25,https://mediabiasfactcheck.com/boing-boing/,left,mixed,united states,"5,066,631",boingboing,747,boingboing
breitbart news,https://www.allsides.com/news-source/breitbart,right,21196,8654,2.44927201293916,strongly agree,breitbart news,29,https://mediabiasfactcheck.com/breitbart/,questionable sources,mixed,united states,"3,846,103",breitbart,68,breitbart
bustle,https://www.allsides.com/news-source/bustle,left-center,747,766,0.975195822441577,somewhat disagree,bustle,32,https://mediabiasfactcheck.com/bustle-magazine/,left-center,mostly factual,united states,"402,019",bustle magazine,1215,bustle magazine
buzzfeed news,https://www.allsides.com/news-source/buzzfeed-media-bias,left,9579,7192,1.33189655172229,somewhat agree,buzzfeed news,33,https://mediabiasfactcheck.com/buzzfeed/,left-center,mixed,united states,"257,716",buzzfeed,753,buzzfeed
cnn (web news),https://www.allsides.com/news-source/cnn-media-bias,left-center,31001,32844,0.943886250151948,somewhat disagree,cnn (web news),52,https://mediabiasfactcheck.com/cnn/,left,mostly factual,united states,"30,024,580",cnn,1223,cnn
cnn - editorial,https://www.allsides.com/news-source/cnn-editorial,left,12311,3335,3.6914542728525,absolutely agree,cnn - editorial,53,https://mediabiasfactcheck.com/cnn/,left,mostly factual,united states,"30,024,580",cnn,1223,cnn
cnsnews,https://www.allsides.com/news-source/cnsnewscom,right,817,697,1.17216642752981,somewhat agree,cnsnews.com,54,https://mediabiasfactcheck.com/cns-news/,questionable sources,low,united states,"1,029,917",cns news,87,cns news
counter currents,https://www.allsides.com/news-source/counter-currents,left-center,335,247,1.35627530358881,somewhat agree,counter currents,60,https://mediabiasfactcheck.com/countercurrents-org/,left,high,india,"323,696",countercurrents.org,1526,countercurrents
daily northwestern,https://www.allsides.com/news-source/daily-northwestern,left-center,369,373,0.989276139383666,somewhat disagree,daily northwestern,69,https://mediabiasfactcheck.com/the-daily-northwestern/,center,high,united states,"119,191",the daily northwestern,2279,the daily northwestern
daily progress,https://www.allsides.com/news-source/daily-progress,center,406,396,1.02525252522664,somewhat agree,daily progress,71,https://mediabiasfactcheck.com/the-daily-progress/,center,high,nan,"173,291",the daily progress,2280,the daily progress
esquire,https://www.allsides.com/news-source/esquire,left,953,522,1.82567049804932,agree,esquire,83,https://mediabiasfactcheck.com/esquire-magazine/,left,mostly factual,united states,"591,263",esquire magazine,1236,esquire magazine
eurek alert,https://www.allsides.com/news-source/eurek-alert,center,333,368,0.904891304323237,somewhat disagree,eurek alert,85,https://mediabiasfactcheck.com/eurekaalert/,pro-science,very high,united states,"1,470,611",eurekaalert,2542,eurekaalert
factcheck,https://www.allsides.com/news-source/factcheckorg-media-bias,center,5950,4563,1.30396668857922,somewhat agree,factcheck.org,87,https://mediabiasfactcheck.com/factcheck/,center,very high,united states,"1,026,991",fact check,2545,fact check
financial times,https://www.allsides.com/news-source/financial-times-media-bias,center,490,326,1.50306748461647,agree,financial times,90,https://mediabiasfactcheck.com/financial-times/,center,high,united kingdom,"6,923,493",financal times,1646,financal times
fiscal times,https://www.allsides.com/news-source/fiscal-times,right-center,704,601,1.17138103159449,somewhat agree,fiscal times,91,https://mediabiasfactcheck.com/the-fiscal-times/,right-center,high,nan,"239,313",the fiscal times,2291,the fiscal times
fox news latino,https://www.allsides.com/news-source/fox-news-latino,right,1845,953,1.93599160543614,agree,fox news latino,96,https://mediabiasfactcheck.com/fox-news/,right,mixed,united states,"15,148,777",fox news,865,fox news
fox news opinion,https://www.allsides.com/news-source/fox-news-editorial-media-bias,right,10233,2419,4.23026043818012,absolutely agree,fox news opinion,97,https://mediabiasfactcheck.com/fox-news/,right,mixed,united states,"15,148,777",fox news,865,fox news
fox online news,https://www.allsides.com/news-source/fox-news-media-bias,right-center,25988,34798,0.746824530145196,somewhat disagree,fox online news,98,https://mediabiasfactcheck.com/fox-news/,right,mixed,united states,"15,148,777",fox news,865,fox news
gq,https://www.allsides.com/news-source/gqcom-media-bias,left-center,55,74,0.743243243142805,somewhat disagree,gq.com,102,https://mediabiasfactcheck.com/gq-magazine/,left,high,united states,"2,410,365",gq magazine,1699,gq magazine
herald democrat,https://www.allsides.com/news-source/herald-democrat-0,left,443,362,1.22375690604354,somewhat agree,herald democrat,107,https://mediabiasfactcheck.com/albany-democrat-herald/,center,high,united states,"14,521",albany democrat-herald,1331,albany democrat-herald
hotair,https://www.allsides.com/news-source/hotair,right-center,1000,895,1.1173184357417099,somewhat agree,hotair,109,https://mediabiasfactcheck.com/hot-air/,right,mostly factual,united states,"4,746,030",hot air,1247,hot air
investor's business daily,https://www.allsides.com/news-source/investors-business-daily,right-center,1144,915,1.25027322403005,somewhat agree,investor's business daily,124,https://mediabiasfactcheck.com/investors-business-daily/,right,mixed,united states,"1,202,413",investors business daily,923,investors business daily
live action news,https://www.allsides.com/news-source/live-action-news,right-center,280,186,1.50537634400509,agree,live action news,139,https://mediabiasfactcheck.com/live-action/,conspiracy-pseudoscience,mixed,united states,"65,747",live action,952,live action
mcclatchydc,https://www.allsides.com/news-source/mcclatchydc-media-bias,center,66,84,0.785714285620748,somewhat disagree,mcclatchydc,145,https://mediabiasfactcheck.com/mcclatchydc/,left-center,high,united states,"2,015,784",mcclatchy dc,1876,mcclatchy dc
media research center,https://www.allsides.com/news-source/media-research-center,right,1310,1613,0.81215127091871,somewhat disagree,media research center,147,https://mediabiasfactcheck.com/media-research-center-mrc/,right,mixed,united states,"746,063",media research center (mrc,967,media research center (mrc
nbc (web news),https://www.allsides.com/news-source/nbc-news-media-bias,left-center,5367,6541,0.820516740558293,somewhat disagree,nbc (web news),159,https://mediabiasfactcheck.com/nbc-news/,left-center,high,united states,"5,014,998",nbc news,1944,nbc news
nbc today show,https://www.allsides.com/news-source/nbc-today-show,left-center,1190,1302,0.913978494616636,somewhat disagree,nbc today show,160,https://mediabiasfactcheck.com/nbc-news/,left-center,high,united states,"5,014,998",nbc news,1944,nbc news
new york times - news,https://www.allsides.com/news-source/new-york-times,left-center,18068,27607,0.654471691961946,disagree,new york times - news,166,https://mediabiasfactcheck.com/new-york-times/,left-center,high,united states,"24,317,383",new york times,1969,new york times
new york times - opinion,https://www.allsides.com/news-source/new-york-times-opinion-media-bias,left,4599,1452,3.1673553718790095,absolutely agree,new york times - opinion,167,https://mediabiasfactcheck.com/new-york-times/,left-center,high,united states,"24,317,383",new york times,1969,new york times
newsmax - news,https://www.allsides.com/news-source/newsmax,right-center,7045,9106,0.773665714912394,somewhat disagree,newsmax - news,169,https://mediabiasfactcheck.com/newsmax/,right,mixed,united states,"2,796,906",newsmax,1003,newsmax
newsmax - opinion,https://www.allsides.com/news-source/newsmax-opinion-media-bias,right,62,47,1.31914893588954,somewhat agree,newsmax - opinion,170,https://mediabiasfactcheck.com/newsmax/,right,mixed,united states,"2,796,906",newsmax,1003,newsmax
npr editorial,https://www.allsides.com/news-source/npr-editorial,left-center,2839,3131,0.906739060999978,somewhat disagree,npr editorial,176,https://mediabiasfactcheck.com/npr/,left-center,high,united states,"10,213,049",npr,1996,npr
npr online news,https://www.allsides.com/news-source/npr-media-bias,center,21371,16545,1.29168933212373,somewhat agree,npr online news,177,https://mediabiasfactcheck.com/npr/,left-center,high,united states,"10,213,049",npr,1996,npr
pacific standard,https://www.allsides.com/news-source/pacific-standard,left-center,397,353,1.12464589231942,somewhat agree,pacific standard,180,https://mediabiasfactcheck.com/pacific-standard-magazine/,left-center,high,united states,"216,153",pacific standard magazine,2018,pacific standard magazine
pbs newshour,https://www.allsides.com/news-source/pbs-newshour,center,2344,1737,1.34945308001526,somewhat agree,pbs newshour,181,https://mediabiasfactcheck.com/pbs-news-hour/,left-center,very high,united states,"14,089,906",pbs news hour,2586,pbs news hour
portland press herald,https://www.allsides.com/news-source/portland-press-herarld,center,229,326,0.702453987708514,somewhat disagree,portland press herald,190,https://mediabiasfactcheck.com/portland-press-herald/,left-center,high,united states,"823,828",portland press-herald,2055,portland press-herald
poynter,https://www.allsides.com/news-source/poynter-media-bias,center,12,5,2.3999999952,strongly agree,poynter,191,https://mediabiasfactcheck.com/poynter-institute/,center,high,united states,"536,899",poynter institute,2057,poynter institute
realclearpolitics,https://www.allsides.com/news-source/real-clear-politics,center,3137,3089,1.01553900938486,somewhat agree,realclearpolitics,202,https://mediabiasfactcheck.com/real-clear-politics/,right-center,mostly factual,united states,"3,928,705",real clear politics,1273,real clear politics
rollingstone,https://www.allsides.com/news-source/rolling-stone,left,1496,434,3.44700460821551,absolutely agree,rollingstone.com,213,https://mediabiasfactcheck.com/rolling-stone/,left,high,united states,"3,890,438",rolling stone,2120,rolling stone
spokesman review,https://www.allsides.com/news-source/spokesman-review,left-center,208,241,0.863070539383275,somewhat disagree,spokesman review,228,https://mediabiasfactcheck.com/the-spokesman-review/,right-center,high,united states,"1,147,225",the spokesman-review,2388,the spokesman-review
tallahassee democrat,https://www.allsides.com/news-source/tallahassee-democrat,center,243,253,0.9604743082624321,somewhat disagree,tallahassee democrat,233,https://mediabiasfactcheck.com/tallahassee-democrat/,right-center,high,united states,"474,428",tallahasee democrat,2218,tallahasee democrat
the atlantic,https://www.allsides.com/news-source/atlantic,left-center,6472,3460,1.87052023120847,agree,the atlantic,239,https://mediabiasfactcheck.com/the-atlantic/,left-center,high,united states,"2,576,226",atlantic,2240,atlantic
the boston globe,https://www.allsides.com/news-source/boston-globe,left-center,1524,1157,1.31719965426692,somewhat agree,the boston globe,240,https://mediabiasfactcheck.com/boston-globe/,left-center,high,united states,"779,673",boston globe,1423,boston globe
the daily caller,https://www.allsides.com/news-source/daily-caller,right,5755,2851,2.01858996842505,strongly agree,the daily caller,247,https://mediabiasfactcheck.com/daily-caller/,right,mixed,united states,"2,431,427",daily caller,801,daily caller
the daily dot,https://www.allsides.com/news-source/daily-dot-media-bias,left-center,45,45,0.999999999777778,,the daily dot,248,https://mediabiasfactcheck.com/daily-dot/,left,high,united states,"197,481",daily dot,1543,daily dot
the daily signal,https://www.allsides.com/news-source/daily-signal,right,344,133,2.58646616521906,strongly agree,the daily signal,250,https://mediabiasfactcheck.com/daily-signal/,right,mostly factual,united states,"603,816",daily signal,1231,daily signal
the dallas morning news,https://www.allsides.com/news-source/dallas-morning-news,center,136,107,1.27102803726439,somewhat agree,the dallas morning news,252,https://mediabiasfactcheck.com/dallas-morning-news/,right-center,high,united states,"3,349,082",dallas morning news,1551,dallas morning news
the globe and mail,https://www.allsides.com/news-source/globe-and-mail-media-bias,center,29,34,0.852941176219723,somewhat disagree,the globe and mail,261,https://mediabiasfactcheck.com/the-globe-and-mail/,right-center,high,canada,"4,000,692",the globe and mail (toronto),2297,the globe and mail (toronto)
the jerusalem post,https://www.allsides.com/news-source/jerusalem-post-media-bias,center,167,169,0.988165680414901,somewhat disagree,the jerusalem post,267,https://mediabiasfactcheck.com/the-jerusalem-post/,right-center,high,israel,"3,400,640",jerusalem post,2318,jerusalem post
the new yorker,https://www.allsides.com/news-source/new-yorker,left,3703,1091,3.39413382215038,absolutely agree,the new yorker,273,https://mediabiasfactcheck.com/new-yorker/,left,high,united states,"3,270,734",new yorker,1970,new yorker
the observer (new york),https://www.allsides.com/news-source/observer,center,210,370,0.567567567552228,disagree,the observer (new york),274,https://mediabiasfactcheck.com/new-york-observer/,right-center,high,united states,"1,320,766",new york observer,1968,new york observer
the philadelphia inquirer,https://www.allsides.com/news-source/phillycom,left-center,125,141,0.886524822632161,somewhat disagree,the philadelphia inquirer,276,https://mediabiasfactcheck.com/philadelphia-inquirer/,left-center,high,united states,"1,358",philadelphia inquirer,2031,philadelphia inquirer
the republican,https://www.allsides.com/news-source/republican,center,191,426,0.448356807501212,strongly disagree,the republican,281,https://mediabiasfactcheck.com/republican-masslive-springfield-bias-rating/,center,high,united states,"3,347,341",the republican (masslive),2107,the republican (masslive)
the sacramento bee,https://www.allsides.com/news-source/sacramento-bee,left-center,281,313,0.897763578246078,somewhat disagree,the sacramento bee,284,https://mediabiasfactcheck.com/sacramento-bee/,left-center,high,united states,"1,911,665",sacramento bee,2125,sacramento bee
the seattle times,https://www.allsides.com/news-source/seattle-times,center,81,71,1.14084507026185,somewhat agree,the seattle times,286,https://mediabiasfactcheck.com/seattle-times/,left-center,high,united states,"1,942,916",seattle times,2164,seattle times
the texas tribune,https://www.allsides.com/news-source/texas-tribune-media-bias,left-center,54,51,1.05882352920415,somewhat agree,the texas tribune,290,https://mediabiasfactcheck.com/texas-tribune/,left-center,high,united states,"501,464",texas tribune,2231,texas tribune
the week - news,https://www.allsides.com/news-source/the-week-bias,center,3223,2500,1.28919999999484,somewhat agree,the week - news,292,https://mediabiasfactcheck.com/the-week/,left,high,united states,"1,862,527",the week,2419,the week
the week - opinion,https://www.allsides.com/news-source/week-opinion-media-bias,left-center,40,37,1.0810810807889,somewhat agree,the week - opinion,293,https://mediabiasfactcheck.com/the-week/,left,high,united states,"1,862,527",the week,2419,the week
theblaze,https://www.allsides.com/news-source/theblaze-bias,right,74241,62813,1.18193686020391,somewhat agree,theblaze.com,296,https://mediabiasfactcheck.com/the-blaze/,right,mixed,united states,"1,822,045",the blaze,1105,the blaze
thinkprogress,https://www.allsides.com/news-source/thinkprogress-bias,left,2648,857,3.08984830801529,absolutely agree,thinkprogress,297,https://mediabiasfactcheck.com/think-progress/,left,high,united states,"3,549,198",think progress,2428,think progress
truth or fiction,https://www.allsides.com/news-source/truth-or-fiction,center,271,221,1.22624434383592,somewhat agree,truth or fiction,300,https://mediabiasfactcheck.com/truthorfiction-com/,center,very high,united states,"125,662",truthorfiction.com,2623,truthorfiction
wall street journal - editorial,https://www.allsides.com/news-source/wall-street-journal-opinion,right-center,6034,4334,1.3922473465588603,somewhat agree,wall street journal - editorial,314,https://mediabiasfactcheck.com/wall-street-journal/,right-center,mostly factual,united states,"15,408,093",wall street journal,1294,wall street journal
wall street journal - news,https://www.allsides.com/news-source/wall-street-journal-media-bias,center,13996,18970,0.737796520821962,somewhat disagree,wall street journal - news,315,https://mediabiasfactcheck.com/wall-street-journal/,right-center,mostly factual,united states,"15,408,093",wall street journal,1294,wall street journal
